{
	"name": "flare",
		"description": "flare",
		"children": [
		{
			"name": "Saint Mary's",
			"description": "cluster",
			"children": [
			{"name": "Accounting", "description": "AgglomerativeCluster", "size": 3938},
			{"name": "Applied Health Science", "description": "CommunityStructure", "size": 3812},
			{"name": "Anthropology", "description": "HierarchicalCluster", "size": 6714},
			{"name": "Art Practice", "description": "HierarchicalCluster", "size": 6714},
			{"name": "Art Theory & Criticsm", "description": "HierarchicalCluster", "size": 6714},
			{"name": "Biochemistry", "description": "HierarchicalCluster", "size": 6714},
			{"name": "Biology", "description": "HierarchicalCluster", "size": 6714},
			{"name": "Business Administration", "description": "HierarchicalCluster", "size": 6714},
			{"name": "Chemistry", "description": "HierarchicalCluster", "size": 6714},
			{"name": "Classics", "description": "HierarchicalCluster", "size": 6714},
			{"name": "Communication", "description": "HierarchicalCluster", "size": 6714},
			{"name": "Dance", "description": "HierarchicalCluster", "size": 6714},
			{"name": "Earth Science", "description": "HierarchicalCluster", "size": 6714},
			{"name": "Economics", "description": "HierarchicalCluster", "size": 6714},
			{"name": "Engineering", "description": "HierarchicalCluster", "size": 6714},
			{"name": "English", "description": "MergeEdge", "size": 743},
			{"name": "Environmental Science", "description": "MergeEdge", "size": 743},
			{"name": "French", "description": "MergeEdge", "size": 743},
			{"name": "Global and Regional Studies", "description": "MergeEdge", "size": 743},
			{"name": "Greek", "description": "MergeEdge", "size": 743},
			{"name": "History", "description": "MergeEdge", "size": 743},
			{"name": "History and Art", "description": "MergeEdge", "size": 743},
			{"name": "Integral Program", "description": "MergeEdge", "size": 743},
			{"name": "Justice, Community, and Leadership", "description": "MergeEdge", "size": 743},
			{"name": "Kinesiology", "description": "MergeEdge", "size": 743},
			{"name": "Latin", "description": "MergeEdge", "size": 743},
			{"name": "Leadership & Organizational Studies", "description": "MergeEdge", "size": 743},
			{"name": "LEAP", "description": "MergeEdge", "size": 743},
			{"name": "Math", "description": "MergeEdge", "size": 743},
			{"name": "Music", "description": "MergeEdge", "size": 743},
			{"name": "Physics", "description": "MergeEdge", "size": 743},
			{"name": "Politics", "description": "MergeEdge", "size": 743},
			{"name": "Psychology", "description": "MergeEdge", "size": 743},
			{"name": "Sociology", "description": "MergeEdge", "size": 743},
			{"name": "Spanish", "description": "MergeEdge", "size": 743},
			{"name": "Technical Theatre & Design", "description": "MergeEdge", "size": 743},
			{"name": "Theatre Performance & Theatre Studies", "description": "MergeEdge", "size": 743},
			{"name": "Theology & Religious Studies", "description": "MergeEdge", "size": 743},
			{"name": "Women's and Gender Studies", "description": "MergeEdge", "size": 743}
			]
		},
		{
			"name": "Notre Dame",
			"description": "animate",
			"children": [
			{
				"name": "Arts & Letters",
				"description": "interpolate",
				"children": [
				{"name": "Studio Art", "description": "ArrayInterpolator", "size": 1983},
				{"name": "Asian Studies", "description": "ColorInterpolator", "size": 2047},
				{"name": "Chinese", "description": "DateInterpolator", "size": 1375},
				{"name": "Pre-Health", "description": "Interpolator", "size": 8746},
				{"name": "English", "description": "MatrixInterpolator", "size": 2202},
				{"name": "Spanish", "description": "NumberInterpolator", "size": 1382},
				{"name": "Theology", "description": "ObjectInterpolator", "size": 1629},
				{"name": "History", "description": "ObjectInterpolator", "size": 1629},
				{"name": "Gender Studies", "description": "ObjectInterpolator", "size": 1629},
				{"name": "Psychology", "description": "ObjectInterpolator", "size": 1629},
				{"name": "Philosophy", "description": "ObjectInterpolator", "size": 1629},
				{"name": "Political Science", "description": "ObjectInterpolator", "size": 1629},
				{"name": "Neuroscience", "description": "ObjectInterpolator", "size": 1629},
				{"name": "Music", "description": "ObjectInterpolator", "size": 1629},
				{"name": "International Economics", "description": "ObjectInterpolator", "size": 1629},
				{"name": "Economics", "description": "ObjectInterpolator", "size": 1629},
				{"name": "American Studies", "description": "ObjectInterpolator", "size": 1629},
				{"name": "Anthrology", "description": "ObjectInterpolator", "size": 1629}
				]
			},
			{
				"name": "Engineering",
				"description": "interpolate",
				"children": [
				{"name": "Mechanical", "description": "ArrayInterpolator", "size": 1983},
				{"name": "Chemical", "description": "ColorInterpolator", "size": 2047},
				{"name": "Computer Science", "description": "DateInterpolator", "size": 1375},
				{"name": "Computer Engineering", "description": "Interpolator", "size": 8746},
				{"name": "Civil", "description": "MatrixInterpolator", "size": 2202},
				{"name": "Electrical", "description": "NumberInterpolator", "size": 1382},
				{"name": "Environmental", "description": "ObjectInterpolator", "size": 1629}
				]
			},
			{
				"name": "Science",
				"description": "interpolate",
				"children": [
				{"name": "ACMS", "description": "ArrayInterpolator", "size": 1983},
				{"name": "Biology", "description": "ColorInterpolator", "size": 2047},
				{"name": "Chemistry", "description": "DateInterpolator", "size": 1375},
				{"name": "Environmental Science", "description": "Interpolator", "size": 8746},
				{"name": "Math", "description": "MatrixInterpolator", "size": 2202},
				{"name": "Neuroscience", "description": "NumberInterpolator", "size": 1382},
				{"name": "Physics", "description": "ObjectInterpolator", "size": 1629},
				{"name": "Pre-Med", "description": "ObjectInterpolator", "size": 1629},
				{"name": "Statistics", "description": "ObjectInterpolator", "size": 1629}
				]
			},
			{
				"name": "Business",
				"description": "interpolate",
				"children": [
				{"name": "Accountancy", "description": "ArrayInterpolator", "size": 1983},
				{"name": "Finance", "description": "ColorInterpolator", "size": 2047},
				{"name": "IT Management", "description": "DateInterpolator", "size": 1375},
				{"name": "Management Consulting", "description": "Interpolator", "size": 8746},
				{"name": "Marketing", "description": "MatrixInterpolator", "size": 2202}
				]
			},
			{
				"name": "Architecture",
				"description": "interpolate",
				"children": [
				{"name": "Architecture", "description": "ArrayInterpolator", "size": 1983}
				]
			}
			]
		},
		{
			"name": "Holy Cross",
			"description": "data",
			"children": [
				{"name": "Business", "description": "Converters", "size": 721},
				{"name": "Communications", "description": "DelimitedTextConverter", "size": 4294},
				{"name": "Education", "description": "GraphMLConverter", "size": 9800},
				{"name": "English Literature", "description": "IDataConverter", "size": 1314},
				{"name": "History", "description": "IDataConverter", "size": 1314},
				{"name": "Liberal Studies", "description": "IDataConverter", "size": 1314},
				{"name": "Psychology", "description": "IDataConverter", "size": 1314},
				{"name": "Theology", "description": "IDataConverter", "size": 1314},
				{"name": "Visual Arts", "description": "IDataConverter", "size": 1314}
				]
		}
	]
}
